﻿Designator,Footprint,Quantity,Value,LCSC Part #
"BT1, BT2",BAT_254TR_67mm,2,3.7 V 2.2 Ah Li-ion 18650,C5498533
"C1, C17, C18, C2",0603,4,1 uF,
"D1, D2",0603,2,LED,
F1,FUSE_3561KTR,1,3561KTR,C3205939
J1,DC050-T,1,DC050-T,C431534
J2,JST_SH_SM05B-SRSS-TB_1x05-1MP_P1.00mm_Horizontal,1,Conn_01x05_MountingPin,C136657
R1,0603,1,680 Ohm,
R15,0603,1,7.32 kOhm,
"R2, R3",0603,2,2 kOhm,
"R4, R5",0603,2,1 MOhm,
RT1,0603,1,21.5 kOhm,
S1,SWITCH_1SCQN,1,JS102011SCQN,C221660
TH1,PinHeader_1x02_P2.54mm_Vertical,1,103AT NTC,C20583168
TP1,TestPoint_Pad_D1.5mm,1,Vin,
TP2,TestPoint_Pad_D1.5mm,1,VBAT sense,
U1,DQC10_P84X2P4,1,BQ24210DQCR,C524795
U5,SOT-23-5,1,XC6210B332MR,C3021084
